,MAE,MSE,RMSE,R²
CatBoost,3.2055909069711648,19.908919920446998,4.461941272635376,0.9819031030495275
DecisionTree,1.3872153377393859,4.677235053179066,2.162691622302881,0.9957484664608255
RandomForest,1.3876994943072294,4.680556911272043,2.1634594776126597,0.9957454469437531
GradientBoosting,3.894591633871208,34.59382614172185,5.8816516508309,0.968554752879068
